replicate_ID,DepMap_ID,pDNA_batch
MIA Paca-2-311Cas9 Rep A p6_batch0,ACH-000601,0
MIA Paca-2-311Cas9 Rep B p6_batch0,ACH-000601,0
MIA Paca-2-311Cas9 Rep C p6_batch0,ACH-000601,0
MIA Paca-2-311Cas9 Rep D p6_batch0,ACH-000601,0
NCI-H1792-311Cas9 Rep A p6_batch0,ACH-000496,0
NCI-H1792-311Cas9 Rep B p6_batch0,ACH-000496,0
NCI-H1792-311Cas9 Rep C p6_batch0,ACH-000496,0
NCI-H1792-311Cas9 Rep D p6_batch0,ACH-000496,0
ASPC-1-311Cas9 Rep A p6_batch0,ACH-000222,0
ASPC-1-311Cas9 Rep B p6_batch0,ACH-000222,0
ASPC-1-311Cas9 Rep C p6_batch0,ACH-000222,0
ASPC-1-311Cas9 Rep D p6_batch0,ACH-000222,0
HUP-T3-311cas9 Rep A p6_batch0,ACH-000118,0
HUP-T3-311cas9 Rep B p6_batch0,ACH-000118,0
HUP-T3-311cas9 Rep C p6_batch0,ACH-000118,0
HUP-T3-311cas9 Rep D p6_batch0,ACH-000118,0
RERF-LC-Ad1-311Cas9 Rep A p5_batch0,ACH-000791,0
RERF-LC-Ad1-311Cas9 Rep B p5_batch0,ACH-000791,0
RERF-LC-Ad1-311Cas9 Rep C p5_batch0,ACH-000791,0
RERF-LC-Ad1-311Cas9 Rep D p5_batch0,ACH-000791,0
NCI-H1693-311Cas9 Rep A p4_batch0,ACH-000021,0
NCI-H1693-311Cas9 Rep B p4_batch0,ACH-000021,0
NCI-H1693-311Cas9 Rep C p4_batch0,ACH-000021,0
NCI-H1693-311Cas9 Rep D p4_batch0,ACH-000021,0
A549-311Cas9 Rep A p5_batch0,ACH-000681,0
A549-311Cas9 Rep B p5_batch0,ACH-000681,0
A549-311Cas9 Rep C p5_batch0,ACH-000681,0
A549-311Cas9 Rep D p5_batch0,ACH-000681,0
DAN-G-311Cas9 Rep A p6_batch0,ACH-000243,0
DAN-G-311Cas9 Rep B p6_batch0,ACH-000243,0
DAN-G-311Cas9 Rep C p6_batch0,ACH-000243,0
DAN-G-311Cas9 Rep D p6_batch0,ACH-000243,0
NCI-H2023-311Cas9 Rep A p6_batch0,ACH-000781,0
NCI-H2023-311Cas9 Rep B p6_batch0,ACH-000781,0
NCI-H2023-311Cas9 Rep C p6_batch0,ACH-000781,0
NCI-H2023-311Cas9 Rep D p6_batch0,ACH-000781,0
NCI-H23-311Cas9 Rep A p5_batch0,ACH-000900,0
NCI-H23-311Cas9 Rep B p5_batch0,ACH-000900,0
NCI-H23-311Cas9 Rep C p5_batch0,ACH-000900,0
NCI-H23-311Cas9 Rep D p5_batch0,ACH-000900,0
Panc.02.03-311cas9 Rep A p6_batch0,ACH-000042,0
Panc.02.03-311cas9 Rep B p6_batch0,ACH-000042,0
Panc.02.03-311cas9 Rep C p6_batch0,ACH-000042,0
Panc.02.03-311cas9 Rep D p6_batch0,ACH-000042,0
Panc.04.03-311Cas9 Rep A p5_batch0,ACH-000235,0
Panc.04.03-311Cas9 Rep B p5_batch0,ACH-000235,0
Panc.04.03-311Cas9 Rep C p5_batch0,ACH-000235,0
Panc.04.03-311Cas9 Rep D p5_batch0,ACH-000235,0
SNU-213-311Cas9 Rep A p5_batch0,ACH-000266,0
SNU-213-311Cas9 Rep B p5_batch0,ACH-000266,0
SNU-213-311Cas9 Rep C p5_batch0,ACH-000266,0
SNU-213-311Cas9 Rep D p5_batch0,ACH-000266,0
NCI-H1944-311cas9 Rep A p5_batch0,ACH-000414,0
NCI-H1944-311cas9 Rep B p5_batch0,ACH-000414,0
NCI-H1944-311cas9 Rep C p5_batch0,ACH-000414,0
NCI-H1944-311cas9 Rep D p5_batch0,ACH-000414,0
NCI-H2122-311cas9 Rep A p5_batch0,ACH-000311,0
NCI-H2122-311cas9 Rep B p5_batch0,ACH-000311,0
NCI-H2122-311cas9 Rep C p5_batch0,ACH-000311,0
NCI-H2122-311cas9 Rep D p5_batch0,ACH-000311,0
YAPC-311Cas9 Rep A p6_batch0,ACH-000332,0
YAPC-311Cas9 Rep B p6_batch0,ACH-000332,0
YAPC-311Cas9 Rep C p6_batch0,ACH-000332,0
YAPC-311Cas9 Rep D p6_batch0,ACH-000332,0
KP4-311Cas9 Rep A p7_batch0,ACH-000265,0
KP4-311Cas9 Rep B p7_batch0,ACH-000265,0
KP4-311Cas9 Rep C p7_batch0,ACH-000265,0
KP4-311Cas9 Rep D p7_batch0,ACH-000265,0
NCI-H441-311Cas9 Rep A p6_batch0,ACH-000638,0
NCI-H441-311Cas9 Rep B p6_batch0,ACH-000638,0
NCI-H441-311Cas9 Rep C p6_batch0,ACH-000638,0
NCI-H441-311Cas9 Rep D p6_batch0,ACH-000638,0
NCI-H2087-311Cas9 Rep A p4_batch0,ACH-000841,0
NCI-H2087-311Cas9 Rep B p4_batch0,ACH-000841,0
NCI-H2087-311Cas9 Rep C p4_batch0,ACH-000841,0
NCI-H2087-311Cas9 Rep D p4_batch0,ACH-000841,0
KP-2-311Cas9 Rep A p5_batch0,ACH-000281,0
KP-2-311Cas9 Rep B p5_batch0,ACH-000281,0
KP-2-311Cas9 Rep C p5_batch0,ACH-000281,0
CFPAC-1-311Cas9 Rep A p6_batch0,ACH-000138,0
CFPAC-1-311Cas9 Rep B p6_batch0,ACH-000138,0
CFPAC-1-311Cas9 Rep D p6_batch0,ACH-000138,0
NCI-H2126-311Cas9 Rep C p5_batch0,ACH-000785,0
NCI-H2126-311Cas9 Rep B p5_batch0,ACH-000785,0
NCI-H2126-311Cas9 Rep D p5_batch0,ACH-000785,0
TCC-PAN2-311Cas9 Rep A p6_batch0,ACH-000502,0
TCC-PAN2-311Cas9 Rep B p6_batch0,ACH-000502,0
TCC-PAN2-311Cas9 Rep C p6_batch0,ACH-000502,0
NCI-H1648-311Cas9 Rep A p4_batch0,ACH-000766,0
NCI-H1648-311Cas9 Rep B p4_batch0,ACH-000766,0
NCI-H1648-311Cas9 Rep C p4_batch0,ACH-000766,0
NCI-H1648-311Cas9 Rep D p4_batch0,ACH-000766,0
PSN-1-311Cas9 Rep A p6_batch0,ACH-000320,0
PSN-1-311Cas9 Rep B p6_batch0,ACH-000320,0
PSN-1-311Cas9 Rep C p6_batch0,ACH-000320,0
PSN-1-311Cas9 Rep D p6_batch0,ACH-000320,0
NCI-H322-311Cas9 Rep A p6_batch0,ACH-000837,0
NCI-H322-311Cas9 Rep B p6_batch0,ACH-000837,0
NCI-H322-311Cas9 Rep C p6_batch0,ACH-000837,0
NCI-H322-311Cas9 Rep D p6_batch0,ACH-000837,0
SK-N-BE_2_-311Cas9 Rep A p6_batch0,ACH-000312,0
SK-N-BE_2_-311Cas9 Rep B p6_batch0,ACH-000312,0
SK-N-BE_2_-311Cas9 Rep C p6_batch0,ACH-000312,0
SK-N-BE_2_-311Cas9 Rep D p6_batch0,ACH-000312,0
CHP-212-311CAS9 Rep A p5_batch0,ACH-000120,0
CHP-212-311CAS9 Rep B p5_batch0,ACH-000120,0
CHP-212-311CAS9 Rep C p5_batch0,ACH-000120,0
CHP-212-311CAS9 Rep D p5_batch0,ACH-000120,0
NCI-H1437-311Cas9 Rep A p5_batch0,ACH-000589,0
NCI-H1437-311Cas9 Rep B p5_batch0,ACH-000589,0
NCI-H1437-311Cas9 Rep C p5_batch0,ACH-000589,0
KP-3-311Cas9 Rep A p5_batch0,ACH-000108,0
KP-3-311Cas9 Rep B p5_batch0,ACH-000108,0
KP-3-311Cas9 Rep C p5_batch0,ACH-000108,0
NCI-H2030-311Cas9 Rep A p6_batch0,ACH-000521,0
NCI-H2030-311Cas9 Rep B p6_batch0,ACH-000521,0
NCI-H2030-311Cas9 Rep C p6_batch0,ACH-000521,0
KELLY-311Cas9 Rep A p6_batch0,ACH-000259,0
KELLY-311Cas9 Rep B p6_batch0,ACH-000259,0
KELLY-311Cas9 Rep D p6_batch0,ACH-000259,0
NCI-H2291-311Cas9 Rep A p4_batch0,ACH-000718,0
NCI-H2291-311Cas9 Rep B p4_batch0,ACH-000718,0
NCI-H2291-311Cas9 Rep C p4_batch0,ACH-000718,0
A427-311cas9 Rep A p4_batch0,ACH-000757,0
A427-311cas9 Rep B p4_batch0,ACH-000757,0
A427-311cas9 Rep C p4_batch0,ACH-000757,0
Karpas-299-311Cas9 Rep A p5_batch1,ACH-000053,1
Karpas-299-311Cas9 Rep B p5_batch1,ACH-000053,1
Karpas-299-311Cas9 Rep C p5_batch1,ACH-000053,1
MOLM-13-311cas9 Rep A p5_batch1,ACH-000362,1
MOLM-13-311cas9 Rep B p5_batch1,ACH-000362,1
MOLM-13-311cas9 Rep C p5_batch1,ACH-000362,1
HCC461-Avana4 Rep A p6_batch1,ACH-000339,1
HCC461-Avana4 Rep B p6_batch1,ACH-000339,1
HCC461-Avana4 Rep C p6_batch1,ACH-000339,1
HCC827-311Cas9 Rep A p6_batch1,ACH-000012,1
HCC827-311Cas9 Rep B p6_batch1,ACH-000012,1
HCC827-311Cas9 Rep C p6_batch1,ACH-000012,1
pDNA Avana4_010115_1.5Ex_batch1,,1
pDNA Avana4_060115_1.5Ex_batch1,,1
pDNA Avana4_0101215_0.55Ex_batch1,,1
pDNA Avana4_060115_0.55Ex_batch1,,1
pDNA Avana4_010115_1.5Ex_batch0,,0
pDNA Avana4_060115_1.5Ex_batch0,,0
Ki-JK-311cas9 Rep A p4_batch1,ACH-000773,1
Ki-JK-311cas9 Rep B p4_batch1,ACH-000773,1
Ki-JK-311cas9 Rep C p4_batch1,ACH-000773,1
THP-1 AVANA-4 Rep A p5_batch1,ACH-000146,1
THP-1 AVANA-4 Rep B p5_batch1,ACH-000146,1
THP-1 AVANA-4 Rep C p5_batch1,ACH-000146,1
COLO-678-311Cas9 Rep A p5_batch1,ACH-000350,1
COLO-678-311Cas9 Rep C p5_batch1,ACH-000350,1
COLO-678-311Cas9 Rep D p5_batch1,ACH-000350,1
NB-1-311Cas9 Rep A p6_batch1,ACH-000804,1
NB-1-311Cas9 Rep B p6_batch1,ACH-000804,1
NB-1-311Cas9 Rep C p6_batch1,ACH-000804,1
MDST8-311Cas9 Rep A p6_batch1,ACH-000935,1
MDST8-311Cas9 Rep C p6_batch1,ACH-000935,1
MDST8-311Cas9 Rep D p6_batch1,ACH-000935,1
OUMS-23-311Cas9 Rep A p5_batch1,ACH-000296,1
OUMS-23-311Cas9 Rep B p5_batch1,ACH-000296,1
OUMS-23-311Cas9 Rep C p5_batch1,ACH-000296,1
SK-N-AS-311Cas9 Rep A p6_batch1,ACH-000260,1
SK-N-AS-311Cas9 Rep B p6_batch1,ACH-000260,1
SK-N-AS-311Cas9 Rep C p6_batch1,ACH-000260,1
HT115-Avana 4 Rep A p6_batch1,ACH-000986,1
HT115-Avana 4 Rep B p6_batch1,ACH-000986,1
HT115-Avana 4 Rep C p6_batch1,ACH-000986,1
MHH-NB-11-311Cas9 Rep A p4_batch1,ACH-000078,1
MHH-NB-11-311Cas9 Rep B p4_batch1,ACH-000078,1
MHH-NB-11-311Cas9 Rep C p4_batch1,ACH-000078,1
MOR/CPR-311cas9 Rep A p4_batch1,ACH-000851,1
MOR/CPR-311cas9 Rep B p4_batch1,ACH-000851,1
MOR/CPR-311cas9 Rep C p4_batch1,ACH-000851,1
LXF-289-311cas9 Rep B p6_batch1,ACH-000787,1
LXF-289-311cas9 Rep C p6_batch1,ACH-000787,1
LXF-289-311cas9 Rep D p6_batch1,ACH-000787,1
P31FUJ-311Cas9 Rep B p6_batch1,ACH-000770,1
P31FUJ-311Cas9 Rep C p6_batch1,ACH-000770,1
P31FUJ-311Cas9 Rep D p6_batch1,ACH-000770,1
U937-101Cas9 Rep A p6_batch1,ACH-000406,1
U937-101Cas9 Rep C p6_batch1,ACH-000406,1
U937-101Cas9 Rep D p6_batch1,ACH-000406,1
PK-45H-311cas9 Rep A p6_batch1,ACH-000468,1
PK-45H-311cas9 Rep B p6_batch1,ACH-000468,1
PK-45H-311cas9 Rep C p6_batch1,ACH-000468,1
Sima-311cas9 Rep A p6_batch1,ACH-000099,1
Sima-311cas9 Rep B p6_batch1,ACH-000099,1
Sima-311cas9 Rep C p6_batch1,ACH-000099,1
SMZ1-311Cas9 Rep A p6_batch1,ACH-001197,1
SMZ1-311Cas9 Rep B p6_batch1,ACH-001197,1
SMZ1-311Cas9 Rep C p6_batch1,ACH-001197,1
ES-2-311Cas9 Rep A p7_batch1,ACH-000906,1
ES-2-311Cas9 Rep B p7_batch1,ACH-000906,1
ES-2-311Cas9 Rep C p7_batch1,ACH-000906,1
HOP-62-311CAS9 Rep A p6_batch1,ACH-000861,1
HOP-62-311CAS9 Rep B p6_batch1,ACH-000861,1
HOP-62-311CAS9 Rep C p6_batch1,ACH-000861,1
T84-311Cas9 Rep A p6_batch1,ACH-000381,1
T84-311Cas9 Rep C p6_batch1,ACH-000381,1
T84-311Cas9 Rep D p6_batch1,ACH-000381,1
SNU-8-311Cas9 Rep A p5_batch1,ACH-000460,1
SNU-8-311Cas9 Rep B p5_batch1,ACH-000460,1
SNU-8-311Cas9 Rep C p5_batch1,ACH-000460,1
KM12-311Cas9 Rep A p5_batch1,ACH-000969,1
KM12-311Cas9 Rep B p5_batch1,ACH-000969,1
KM12-311Cas9 Rep C p5_batch1,ACH-000969,1
NB-4-311cas9 Rep A p6_batch1,ACH-000294,1
NB-4-311cas9 Rep B p6_batch1,ACH-000294,1
NB-4-311cas9 Rep C p6_batch1,ACH-000294,1
SK-N-MC-311cas9 Rep A p5_batch1,ACH-000039,1
SK-N-MC-311cas9 Rep B p5_batch1,ACH-000039,1
SK-N-MC-311cas9 Rep C p5_batch1,ACH-000039,1
PC-14-311Cas9 Rep A p6_batch1,ACH-000030,1
PC-14-311Cas9 Rep B p6_batch1,ACH-000030,1
PC-14-311Cas9 Rep C p6_batch1,ACH-000030,1
TOV-21G-311Cas9 Rep A p6_batch1,ACH-000885,1
TOV-21G-311Cas9 Rep B p6_batch1,ACH-000885,1
TOV-21G-311Cas9 Rep C p6_batch1,ACH-000885,1
LK-2-311Cas9 Rep A p6_batch1,ACH-000769,1
LK-2-311Cas9 Rep B p6_batch1,ACH-000769,1
LK-2-311Cas9 Rep C p6_batch1,ACH-000769,1
LCLC-103H-311Cas9 Rep B p6_batch1,ACH-000627,1
LCLC-103H-311Cas9 Rep C p6_batch1,ACH-000627,1
COV434-311cas9 Rep A p6_batch1,ACH-000123,1
COV434-311cas9 Rep B p6_batch1,ACH-000123,1
COV434-311cas9 Rep C p6_batch1,ACH-000123,1
Cal-51-311cas9 Rep A p6_batch1,ACH-000856,1
Cal-51-311cas9 Rep B p6_batch1,ACH-000856,1
Cal-51-311cas9 Rep C p6_batch1,ACH-000856,1
IMR32-311cas9 Rep A p3_batch1,ACH-000310,1
IMR32-311cas9 Rep B p3_batch1,ACH-000310,1
IMR32-311cas9 Rep D p3_batch1,ACH-000310,1
HCC-1359-311Cas9 Rep A p5_batch1,ACH-000901,1
HCC-1359-311Cas9 Rep B p5_batch1,ACH-000901,1
HCC-1359-311Cas9 Rep C p5_batch1,ACH-000901,1
NCI-H520-311Cas9 Rep A p6_batch1,ACH-000395,1
NCI-H520-311Cas9 Rep B p6_batch1,ACH-000395,1
NCI-H520-311Cas9 Rep C p6_batch1,ACH-000395,1
SNU-410-311cas9 Rep A p5_batch1,ACH-000517,1
SNU-410-311cas9 Rep B p5_batch1,ACH-000517,1
SNU-410-311cas9 Rep C p5_batch1,ACH-000517,1
ABC-1-311Cas9 Rep A p5_20150925_batch1,ACH-000528,1
ABC-1-311Cas9 Rep B p5_20150925_batch1,ACH-000528,1
ABC-1-311Cas9 Rep C p5_20150925_batch1,ACH-000528,1
TF-1-311cas9 Rep A p5_20150925_batch1,ACH-000387,1
TF-1-311cas9 Rep B p5_20150925_batch1,ACH-000387,1
TF-1-311cas9 Rep C p5_20150925_batch1,ACH-000387,1
JHOC5-311cas9 Rep A p6_20150925_batch1,ACH-000324,1
JHOC5-311cas9 Rep B p6_20150925_batch1,ACH-000324,1
JHOC5-311cas9 Rep C p6_20150925_batch1,ACH-000324,1
C2BBE1-311Cas9 Rep A p5_batch1,ACH-000009,1
C2BBE1-311Cas9 Rep B p5_batch1,ACH-000009,1
C2BBE1-311Cas9 Rep C p5_batch1,ACH-000009,1
SUP-M2-311Cas9 Rep A p4_batch1,ACH-000226,1
SUP-M2-311Cas9 Rep B p4_batch1,ACH-000226,1
SUP-M2-311Cas9 Rep C p4_batch1,ACH-000226,1
SUP-M2-311Cas9 Rep D p4_batch1,ACH-000226,1
Kuramochi-311cas9 Rep A p3_batch1,ACH-000524,1
Kuramochi-311cas9 Rep B p3_batch1,ACH-000524,1
Kuramochi-311cas9 Rep C p3_batch1,ACH-000524,1
D341MED-311cas9 Rep A p5_batch1,ACH-000095,1
D341MED-311cas9 Rep B p5_batch1,ACH-000095,1
D341MED-311cas9 Rep C p5_batch1,ACH-000095,1
HCC1806-311cas9_RepA_p5_batch1,ACH-000624,1
HCC1806-311cas9_RepB_p5_batch1,ACH-000624,1
HCC1806-311cas9_RepC_p5_batch1,ACH-000624,1
Mug-Chor-1-311Cas9 Rep A p5_batch2,ACH-001956,2
Mug-Chor-1-311Cas9 Rep B p5_batch2,ACH-001956,2
Mug-Chor-1-311Cas9 Rep C p5_batch2,ACH-001956,2
UM-Chor1-311Cas9 Rep A p5_batch2,ACH-001957,2
UM-Chor1-311Cas9 Rep B p5_batch2,ACH-001957,2
UM-Chor1-311Cas9 Rep C p5_batch2,ACH-001957,2
OVISE-311cas9 Rep A p6_batch2,ACH-000527,2
OVISE-311cas9 Rep B p6_batch2,ACH-000527,2
OVISE-311cas9 Rep C p6_batch2,ACH-000527,2
JHOM-1-311cas9 Rep A p6_batch2,ACH-000237,2
D425-311cas9_RepA_p6_batch2,ACH-001053,2
D425-311cas9_RepB_p6_batch2,ACH-001053,2
D425-311cas9_RepC_p6_batch2,ACH-001053,2
NCI-H747-311cas9 Rep A p3_batch2,ACH-000403,2
NCI-H747-311cas9 Rep B p3_batch2,ACH-000403,2
NCI-H747-311cas9 Rep C p3_batch2,ACH-000403,2
JIMT-1-311cas9_RepA_p6_batch2,ACH-000711,2
JIMT-1-311cas9_RepB_p6_batch2,ACH-000711,2
JIMT-1-311cas9_RepC_p6_batch2,ACH-000711,2
RKO-311Cas9_RepA_p6_batch2,ACH-000943,2
RKO-311Cas9_RepB_p6_batch2,ACH-000943,2
RKO-311Cas9_RepC_p6_batch2,ACH-000943,2
D458-311Cas9_RepA_p6_batch2,ACH-001054,2
D458-311Cas9_RepB_p6_batch2,ACH-001054,2
D458-311Cas9_RepC_p6_batch2,ACH-001054,2
786O-311Cas9_RepA_p6_batch2,ACH-000649,2
786O-311Cas9_RepB_p6_batch2,ACH-000649,2
786O-311Cas9_RepC_p6_batch2,ACH-000649,2
SNU-503-311Cas9 Rep A p3_batch2,ACH-000683,2
SNU-503-311Cas9 Rep B p3_batch2,ACH-000683,2
SNU-503-311Cas9 Rep C p3_batch2,ACH-000683,2
D283MED-311cas9_RepA_p6_batch2,ACH-000055,2
D283MED-311cas9_RepB_p6_batch2,ACH-000055,2
Hey-A8-311Cas9_RepA_p6_batch2,ACH-000542,2
Hey-A8-311Cas9_RepB_p6_batch2,ACH-000542,2
Hey-A8-311Cas9_RepC_p6_batch2,ACH-000542,2
MDAMB157-311cas9 Rep A p4_batch2,ACH-000621,2
MDAMB157-311cas9 Rep B p4_batch2,ACH-000621,2
MDAMB157-311cas9 Rep C p4_batch2,ACH-000621,2
LS513-311Cas9_RepA_p6_batch2,ACH-000007,2
LS513-311Cas9_RepB_p6_batch2,ACH-000007,2
EPLC-272H-311Cas9 Rep A p6_batch2,ACH-000585,2
EPLC-272H-311Cas9 Rep B p6_batch2,ACH-000585,2
EPLC-272H-311Cas9 Rep C p6_batch2,ACH-000585,2
SW837-311cas9 Rep A p5_batch2,ACH-000421,2
SW837-311cas9 Rep B p5_batch2,ACH-000421,2
SW837-311cas9 Rep C p5_batch2,ACH-000421,2
LS 180-311Cas9 Rep A p4_batch2,ACH-000957,2
LS 180-311Cas9 Rep B p4_batch2,ACH-000957,2
HCC515-311Cas9 Rep A p6_batch2,ACH-000872,2
HCC515-311Cas9 Rep B p6_batch2,ACH-000872,2
HCC515-311Cas9 Rep C p6_batch2,ACH-000872,2
COV644-311cas9 Rep A p4_batch2,ACH-000608,2
COV644-311cas9 Rep B p4_batch2,ACH-000608,2
COV644-311cas9 Rep C p4_batch2,ACH-000608,2
OVK18-311cas9 Rep A p5_batch2,ACH-000947,2
OVK18-311cas9 Rep B p5_batch2,ACH-000947,2
OVK18-311cas9 Rep C p5_batch2,ACH-000947,2
COV362-311Cas9 Rep A p4_batch2,ACH-000278,2
COV362-311Cas9 Rep B p4_batch2,ACH-000278,2
COV362-311Cas9 Rep C p4_batch2,ACH-000278,2
NCI-H716-311cas9 Rep A p5_batch2,ACH-000491,2
NCI-H716-311cas9 Rep B p5_batch2,ACH-000491,2
NCI-H716-311cas9 Rep C p5_batch2,ACH-000491,2
HS578T-311cas9_RepA_p5_batch2,ACH-000148,2
HS578T-311cas9_RepB_p5_batch2,ACH-000148,2
HS578T-311cas9_RepC_p5_batch2,ACH-000148,2
JHOM-1-311cas9 Rep B p6_batch2,ACH-000237,2
JHOM-1-311cas9 Rep C p6_batch2,ACH-000237,2
OVCAR8-311Cas9_RepA_p6_batch2,ACH-000696,2
OVCAR8-311Cas9_RepB_p6_batch2,ACH-000696,2
OVCAR8-311Cas9_RepC_p6_batch2,ACH-000696,2
Cov318-311cas9_RepA_p4_batch2,ACH-000256,2
Cama1-311Cas9_RepA_p4_batch2,ACH-000783,2
Cama1-311Cas9_RepB_p4_batch2,ACH-000783,2
Cama1-311Cas9_RepC_p4_batch2,ACH-000783,2
MDAMB415-311cas9 Rep A p4_batch2,ACH-000876,2
MDAMB415-311cas9 Rep B p4_batch2,ACH-000876,2
MDAMB415-311cas9 Rep C p4_batch2,ACH-000876,2
HCC1395-311Cas9_RepA_p3_batch2,ACH-000699,2
HCC1395-311Cas9_RepB_p3_batch2,ACH-000699,2
HCC1395-311Cas9_RepC_p3_batch2,ACH-000699,2
KPL-1-311Cas9_RepA_p6_batch2,ACH-000028,2
KPL-1-311Cas9_RepB_p6_batch2,ACH-000028,2
KPL-1-311Cas9_RepC_p6_batch2,ACH-000028,2
RMUG-S-311cas9 Rep B p4_batch2,ACH-000701,2
RMUG-S-311cas9 Rep C p4_batch2,ACH-000701,2
HCC1143-311cas9 Rep A p6_batch2,ACH-000374,2
DLD1-311Cas9_RepA_p7_batch2,ACH-001061,2
DLD1-311Cas9_RepB_p7_batch2,ACH-001061,2
DLD1-311Cas9_RepC_p7_batch2,ACH-001061,2
HCC1143-311cas9 Rep B p6_batch2,ACH-000374,2
EFO-21 311Cas9_RepA_p5_batch2,ACH-000308,2
EFO-21 311Cas9_RepB_p5_batch2,ACH-000308,2
EFO-21 311Cas9_RepC_p5_batch2,ACH-000308,2
AU565-311Cas9_RepA_p6_batch2,ACH-000248,2
AU565-311Cas9_RepC_p6_batch2,ACH-000248,2
SW1463-311cas9 Rep A p5_batch2,ACH-000470,2
SW1463-311cas9 Rep B p5_batch2,ACH-000470,2
SW1463-311cas9 Rep C p5_batch2,ACH-000470,2
HT55-311Cas9_RepA_p4_batch2,ACH-000926,2
HT55-311Cas9_RepB_p4_batch2,ACH-000926,2
HT55-311Cas9_RepC_p4_batch2,ACH-000926,2
HCC56-311Cas9_RepA_p4_batch2,ACH-000467,2
HCC56-311Cas9_RepB_p4_batch2,ACH-000467,2
HCC56-311Cas9_RepC_p4_batch2,ACH-000467,2
BT549-311cas9 Rep A p5_batch2,ACH-000288,2
BT549-311cas9 Rep B p5_batch2,ACH-000288,2
BT549-311cas9 Rep C p5_batch2,ACH-000288,2
CCK-81-311cas9 Rep A p2_batch2,ACH-000963,2
CCK-81-311cas9 Rep C p2_batch2,ACH-000963,2
SW620-311Cas9_RepA_p6_batch2,ACH-000651,2
SW620-311Cas9_RepB_p6_batch2,ACH-000651,2
SW620-311Cas9_RepC_p6_batch2,ACH-000651,2
NCI-H2170-311Cas9 Rep A p4_batch2,ACH-000481,2
NCI-H2170-311Cas9 Rep B p4_batch2,ACH-000481,2
NCI-H2170-311Cas9 Rep C p4_batch2,ACH-000481,2
Cov318-311cas9_RepC_p4_batch2,ACH-000256,2
MDAMB468-311cas9_RepB_p6_batch2,ACH-000849,2
MDAMB453-311Cas9_RepA_p5_batch2,ACH-000910,2
MDAMB453-311Cas9_RepB_p5_batch2,ACH-000910,2
MDAMB453-311Cas9_RepC_p5_batch2,ACH-000910,2
NCI-H2887-311cas9_RepB_p5_batch2,ACH-000251,2
NCI-H2887-311cas9_RepC_p5_batch2,ACH-000251,2
OVTOKO-311Cas9_RepA_p5_batch2,ACH-000663,2
OVTOKO-311Cas9_RepC_p5_batch2,ACH-000663,2
JHOS-4-311cas9 Rep A p4_batch2,ACH-000584,2
JHOS-4-311cas9 Rep B p4_batch2,ACH-000584,2
JHOS-4-311cas9 Rep C p4_batch2,ACH-000584,2
SNU-840 311Cas9_RepA_p6_batch2,ACH-000280,2
SNU-840 311Cas9_RepB_p6_batch2,ACH-000280,2
SNU-840 311Cas9_RepC_p6_batch2,ACH-000280,2
Caov-3-311Cas9_RepA_p6_batch2,ACH-000713,2
Caov-3-311Cas9_RepB_p6_batch2,ACH-000713,2
Caov-3-311Cas9_RepC_p6_batch2,ACH-000713,2
LOVO-311Cas9_RepA_p6_batch2,ACH-000950,2
LOVO-311Cas9_RepB_p6_batch2,ACH-000950,2
LOVO-311Cas9_RepC_p6_batch2,ACH-000950,2
MDAMB436-311cas9 Rep A p5_batch2,ACH-000573,2
MDAMB436-311cas9 Rep B p5_batch2,ACH-000573,2
MDAMB436-311cas9 Rep C p5_batch2,ACH-000573,2
SK-OV-3-311cas9 Rep A p5_batch2,ACH-000811,2
SK-OV-3-311cas9 Rep B p5_batch2,ACH-000811,2
SK-OV-3-311cas9 Rep C p5_batch2,ACH-000811,2
KP-N-YN-311Cas9 Rep A p3_batch2,ACH-000227,2
KP-N-YN-311Cas9 Rep B p3_batch2,ACH-000227,2
KP-N-YN-311Cas9 Rep C p3_batch2,ACH-000227,2
JHH5-311Cas9_RepA_p6_batch2,ACH-000734,2
JHH5-311Cas9_RepB_p6_batch2,ACH-000734,2
JHH5-311Cas9_RepC_p6_batch2,ACH-000734,2
KMRC1-311Cas9_RepA_p5_batch2,ACH-000684,2
KMRC1-311Cas9_RepB_p5_batch2,ACH-000684,2
KMRC1-311Cas9_RepC_p5_batch2,ACH-000684,2
NOMO-1-311Cas9_RepA_p4_batch2,ACH-000168,2
NOMO-1-311Cas9_RepB_p4_batch2,ACH-000168,2
HUH7-311Cas9_RepA_p6_batch2,ACH-000480,2
HUH7-311Cas9_RepB_p6_batch2,ACH-000480,2
MV4;11-311Cas9_RepA_p6_batch2,ACH-000045,2
MV4;11-311Cas9_RepB_p6_batch2,ACH-000045,2
ZR-75-1-311Cas9_RepA_p5_batch2,ACH-000097,2
ZR-75-1-311Cas9_RepB_p5_batch2,ACH-000097,2
PE_CA-PJ-34Clone C12-311Cas9_RepB_p5_batch2,ACH-000606,2
PE_CA-PJ-34Clone C12-311Cas9_RepC_p5_batch2,ACH-000606,2
EFM19-311cas9_RepA_p5_batch2,ACH-000330,2
EFM19-311cas9_RepB_p5_batch2,ACH-000330,2
MDAMB231-311Cas9_RepA_p5_batch2,ACH-000768,2
MDAMB231-311Cas9_RepB_p5_batch2,ACH-000768,2
SK-N-FI-311Cas9 Rep A p3_batch2,ACH-000341,2
SK-N-FI-311Cas9 Rep B p3_batch2,ACH-000341,2
OV7-311cas9_RepA_p4_batch2,ACH-000688,2
OV7-311cas9_RepB_p4_batch2,ACH-000688,2
EFO-27-311Cas9_RepA_p6_batch2,ACH-000936,2
EFO-27-311Cas9_RepB_p6_batch2,ACH-000936,2
A2780-311cas9 Rep A p6_batch2,ACH-000657,2
A2780-311cas9 Rep B p6_batch2,ACH-000657,2
KMS-26-311Cas9_RepA_p6_batch2,ACH-000588,2
KMS-26-311Cas9_RepB_p6_batch2,ACH-000588,2
NCI-H1581-311Cas9_RepA_p6_batch2,ACH-000015,2
NCI-H1581-311Cas9_RepB_p6_batch2,ACH-000015,2
Hs766T-311Cas9_RepA_p6_batch2,ACH-000178,2
Hs766T-311Cas9_RepB_p6_batch2,ACH-000178,2
SW403-311Cas9_RepB_p5_batch2,ACH-000820,2
Cov504-311Cas9_RepA_p6_batch2,ACH-001048,2
Cov504-311Cas9_RepB_p6_batch2,ACH-001048,2
RT112 -311Cas9_RepA_p6_batch2,ACH-000473,2
RT112 -311Cas9_RepB_p6_batch2,ACH-000473,2
My-La-311cas9 Rep A p6_batch2,ACH-001134,2
My-La-311cas9 Rep B p6_batch2,ACH-001134,2
LP-1-311Cas9_RepA_p6_batch2,ACH-000204,2
LP-1-311Cas9_RepB_p6_batch2,ACH-000204,2
HCC-95-311Cas9_RepA_p6_batch2,ACH-000454,2
HCC-95-311Cas9_RepB_p6_batch2,ACH-000454,2
NCI-H460-311Cas9_RepA_p6_batch2,ACH-000463,2
NCI-H460-311Cas9_RepB_p6_batch2,ACH-000463,2
R262-311Cas9_RepA_p6_batch2,ACH-001173,2
R262-311Cas9_RepC_p6_batch2,ACH-001173,2
PEDS005TPFAD-311Cas9_RepA_p6_batch2,ACH-001163,2
PEDS005TPFAD-311Cas9_RepB_p6_batch2,ACH-001163,2
WM793-311Cas9_RepA_p6_batch2,ACH-000827,2
WM793-311Cas9_RepB_p6_batch2,ACH-000827,2
SNU349-311Cas9_RepA_p6_batch2,ACH-000907,2
SNU349-311Cas9_RepB_p6_batch2,ACH-000907,2
HSC3-311Cas9_RepA_p4_batch2,ACH-000778,2
HSC3-311Cas9_RepB_p4_batch2,ACH-000778,2
LUDLU1-311Cas9_RepA_p4_batch2,ACH-000390,2
LUDLU1-311Cas9_RepB_p4_batch2,ACH-000390,2
CAKI-1-311Cas9_RepA_p4_batch2,ACH-000433,2
CAKI-1-311Cas9_RepB_p4_batch2,ACH-000433,2
KYSE70-311Cas9_RepA_p5_batch2,ACH-000784,2
KYSE70-311Cas9_RepB_p5_batch2,ACH-000784,2
UW228-311Cas9_RepB_p6_batch2,ACH-001232,2
U251MG-311Cas9_RepA_p6_batch2,ACH-000232,2
U251MG-311Cas9_RepB_p6_batch2,ACH-000232,2
HCC1954-311Cas9_RepB_p6_batch2,ACH-000859,2
HCC1954-311Cas9_RepC_p6_batch2,ACH-000859,2
KMS-11-311Cas9_RepA_p5_batch2,ACH-000714,2
IGR-39-311Cas9_RepA_p5_batch2,ACH-000550,2
IGR-39-311Cas9_RepB_p5_batch2,ACH-000550,2
SK-N-DZ-311Cas9_RepA_p5_batch2,ACH-000366,2
SK-N-DZ-311Cas9_RepB_p5_batch2,ACH-000366,2
MelJuso-311Cas9_RepA_p6_batch2,ACH-000881,2
MelJuso-311Cas9_RepB_p6_batch2,ACH-000881,2
CAL-29-311Cas9_RepA_p6_batch2,ACH-000142,2
CAL-29-311Cas9_RepB_p6_batch2,ACH-000142,2
TE-5-311Cas9_RepA_p6_batch2,ACH-000408,2
TE-5-311Cas9_RepB_p6_batch2,ACH-000408,2
SNU-201-311Cas9_RepA_p6_batch2,ACH-000623,2
SNU-201-311Cas9_RepB_p6_batch2,ACH-000623,2
OE33-311Cas9_RepA_p4_batch2,ACH-000383,2
OE33-311Cas9_RepB_p4_batch2,ACH-000383,2
MDAMB435S-311Cas9_RepA_p6_batch3,ACH-000884,3
MDAMB435S-311Cas9_RepB_p6_batch3,ACH-000884,3
SW48-311Cas9_RepA_p6_batch3,ACH-000958,3
SW48-311Cas9_RepB_p6_batch3,ACH-000958,3
HCC15-311Cas9_RepA_p5_batch3,ACH-000878,3
HCC15-311Cas9_RepB_p5_batch3,ACH-000878,3
GI-1-311Cas9_RepA_p6_batch3,ACH-000756,3
TE-1 -311Cas9_RepA_p5_batch3,ACH-000647,3
TE-1 -311Cas9_RepB_p5_batch3,ACH-000647,3
KNS42-311Cas9_RepA_p4_batch3,ACH-000622,3
KNS42-311Cas9_RepB_p4_batch3,ACH-000622,3
HCC1937-311Cas9_RepA_p5_batch3,ACH-000223,3
HCC1937-311Cas9_RepB_p5_batch3,ACH-000223,3
U2-OS-311Cas9_RepA_p6_batch3,ACH-000364,3
U2-OS-311Cas9_RepB_p6_batch3,ACH-000364,3
SJSA-1 -311Cas9_RepA_p6_batch3,ACH-000748,3
KMS27-311Cas9_RepA_p6_batch3,ACH-000576,3
KMS27-311Cas9_RepB_p6_batch3,ACH-000576,3
EJM -311Cas9_RepA_p4_batch3,ACH-000821,3
EJM -311Cas9_RepB_p4_batch3,ACH-000821,3
RKN-311Cas9_RepA_p6_batch3,ACH-000505,3
RKN-311Cas9_RepB_p6_batch3,ACH-000505,3
RPMI7951-311Cas9_RepA_p5_batch3,ACH-000348,3
RPMI7951-311Cas9_RepB_p5_batch3,ACH-000348,3
NCI-H2110-311Cas9_RepA_p6_batch3,ACH-000929,3
NCI-H2110-311Cas9_RepB_p6_batch3,ACH-000929,3
SKBR3-311Cas9_RepA_p6_batch3,ACH-000017,3
SKBR3-311Cas9_RepB_p6_batch3,ACH-000017,3
TUHR4TKB-311Cas9_RepB_p5_batch3,ACH-000495,3
JHH7-311Cas9_RepA_p6_batch3,ACH-000848,3
JHH7-311Cas9_RepB_p6_batch3,ACH-000848,3
T24-311Cas9_RepA_p6_batch3,ACH-000018,3
T24-311Cas9_RepB_p6_batch3,ACH-000018,3
CORL47-311Cas9_RepB_p5_batch3,ACH-000695,3
UACC62-311Cas9_RepA_p5_batch3,ACH-000425,3
BFTC909-311Cas9_RepA_p6_batch3,ACH-000792,3
BFTC909-311Cas9_RepB_p6_batch3,ACH-000792,3
FU97-311Cas9_RepA_p6_batch3,ACH-000633,3
FU97-311Cas9_RepB_p6_batch3,ACH-000633,3
Hs729-311Cas9_RepA_p6_batch3,ACH-000133,3
Hs729-311Cas9_RepB_p6_batch3,ACH-000133,3
Wm-115-311Cas9_RepA_p6_batch3,ACH-000304,3
Wm-115-311Cas9_RepB_p6_batch3,ACH-000304,3
KYSE-410-311Cas9_RepA_p6_batch3,ACH-000809,3
KYSE-410-311Cas9_RepB_p6_batch3,ACH-000809,3
GCIY -311Cas9_RepA_p4_batch3,ACH-000047,3
GCIY -311Cas9_RepB_p4_batch3,ACH-000047,3
SKMEL30-311Cas9_RepA_p6_batch3,ACH-000810,3
143B-311Cas9_RepA_p6_batch3,ACH-001001,3
KYSE180-311Cas9_RepA_p6_batch3,ACH-000693,3
KYSE180-311Cas9_RepB_p6_batch3,ACH-000693,3
Cas1-311Cas9_RepA_p5_batch3,ACH-000464,3
Cas1-311Cas9_RepB_p5_batch3,ACH-000464,3
CAKI-2-311Cas9_RepA_p6_batch3,ACH-000234,3
CAKI-2-311Cas9_RepB_p6_batch3,ACH-000234,3
HCC1428-311Cas9_RepA_p6_batch3,ACH-000352,3
HCC1428-311Cas9_RepB_p6_batch3,ACH-000352,3
Saos-2-311cas9_RepA_p6_batch3,ACH-000410,3
Saos-2-311cas9_RepB_p6_batch3,ACH-000410,3
IPC298-311Cas9_RepA_p6_batch3,ACH-000915,3
JHOS-2-311Cas9_RepA_p6_batch3,ACH-000132,3
HARA-311cas9_RepA_p6_batch3,ACH-000843,3
HARA-311cas9_RepB_p6_batch3,ACH-000843,3
UACC62-311Cas9_RepB_p5_batch3,ACH-000425,3
HCC1419-311Cas9_RepA_p6_batch3,ACH-000277,3
HCC1419-311Cas9_RepB_p6_batch3,ACH-000277,3
K029AX-311cas9_RepB_p6_batch3,ACH-000404,3
WM983B-311Cas9_RepA_p6_batch3,ACH-000765,3
WM983B-311Cas9_RepB_p6_batch3,ACH-000765,3
NUGC3-311Cas9_RepA_p6_batch3,ACH-000911,3
NUGC3-311Cas9_RepB_p6_batch3,ACH-000911,3
KYSE270-311Cas9_RepA_p6_batch3,ACH-000873,3
KYSE270-311Cas9_RepB_p6_batch3,ACH-000873,3
MELHO-311Cas9_RepA_p6_batch3,ACH-000450,3
MELHO-311Cas9_RepB_p6_batch3,ACH-000450,3
BICR-6-311Cas9_RepA_p6_batch3,ACH-000415,3
BICR-6-311Cas9_RepB_p6_batch3,ACH-000415,3
253J-311Cas9_RepA_p5_batch3,ACH-000011,3
HEC-50B_RepA_p6_batch3,ACH-000831,3
HEC-50B_RepB_p6_batch3,ACH-000831,3
SNU-1-311Cas9_RepA_p6_batch3,ACH-000932,3
SNU-1-311Cas9_RepB_p6_batch3,ACH-000932,3
COLO-800-311Cas9_RepA_p6_batch3,ACH-000401,3
COLO-800-311Cas9_RepB_p6_batch3,ACH-000401,3
UOK101-311Cas9_RepA_p6_batch3,ACH-000262,3
UOK101-311Cas9_RepB_p6_batch3,ACH-000262,3
COLO-679-311Cas9_RepA_p5_batch3,ACH-000805,3
COLO-679-311Cas9_RepB_p5_batch3,ACH-000805,3
SH10TC-311Cas9_RepA_p6_batch3,ACH-000764,3
SH10TC-311Cas9_RepB_p6_batch3,ACH-000764,3
JMSU-1-311Cas9_RepA_p6_batch3,ACH-000753,3
JMSU-1-311Cas9_RepB_p6_batch3,ACH-000753,3
GB1-311Cas9_RepA_p6_batch3,ACH-000738,3
GB1-311Cas9_RepB_p6_batch3,ACH-000738,3
HT1197-311Cas9_RepA_p6_batch3,ACH-000547,3
HT1197-311Cas9_RepB_p6_batch3,ACH-000547,3
HT144-311Cas9_RepA_p6_batch3,ACH-000322,3
HT144-311Cas9_RepB_p6_batch3,ACH-000322,3
CJM-311Cas9_RepA_p7_batch3,ACH-000458,3
CJM-311Cas9_RepB_p7_batch3,ACH-000458,3
KMRC20-311Cas9_RepA_p6_batch3,ACH-000250,3
KMRC20-311Cas9_RepB_p6_batch3,ACH-000250,3
SKHEP1-311Cas9_RepA_p6_batch3,ACH-000361,3
SKHEP1-311Cas9_RepB_p6_batch3,ACH-000361,3
LN18-311Cas9_RepA_p6_batch3,ACH-000819,3
LN18-311Cas9_RepB_p6_batch3,ACH-000819,3
NCI-H838-311Cas9_RepA_p4_batch3,ACH-000416,3
NCI-H838-311Cas9_RepB_p4_batch3,ACH-000416,3
RVH421-311Cas9_RepA_p5_batch3,ACH-000614,3
RVH421-311Cas9_RepB_p5_batch3,ACH-000614,3
769-P-311Cas9_RepA_p5_batch3,ACH-000411,3
769-P-311Cas9_RepB_p5_batch3,ACH-000411,3
RD-311Cas9_RepA_p5_batch3,ACH-000169,3
RD-311Cas9_RepB_p5_batch3,ACH-000169,3
SKMES1-311cas9_RepA_p5_batch3,ACH-000665,3
SKMES1-311cas9_RepB_p5_batch3,ACH-000665,3
HEC-59-311Cas9_RepA_p6_batch3,ACH-000994,3
HEC-59-311Cas9_RepB_p6_batch3,ACH-000994,3
MKN45 -311Cas9_RepA_p6_batch3,ACH-000356,3
MKN45 -311Cas9_RepB_p6_batch3,ACH-000356,3
HT1080 -311Cas9_RepA_p6_batch3,ACH-000054,3
HT1080 -311Cas9_RepB_p6_batch3,ACH-000054,3
KNS62-311Cas9_RepA_p6_batch3,ACH-000858,3
KNS62-311Cas9_RepB_p6_batch3,ACH-000858,3
HEC-251-311Cas9_RepA_p5_batch3,ACH-000996,3
HEC-251-311Cas9_RepB_p5_batch3,ACH-000996,3
HUH1-311Cas9_RepA_p6_batch3,ACH-000475,3
HUH1-311Cas9_RepB_p6_batch3,ACH-000475,3
TCCSUP-311Cas9_RepA_p6_batch3,ACH-000720,3
TCCSUP-311Cas9_RepB_p6_batch3,ACH-000720,3
SKMEL-24-311Cas9_RepA_p6_batch3,ACH-000822,3
SKMEL-24-311Cas9_RepB_p6_batch3,ACH-000822,3
HCC202-311Cas9_RepA_p5_batch3,ACH-000725,3
HCC202-311Cas9_RepB_p5_batch3,ACH-000725,3
647-V-311Cas9_RepA_p6_batch3,ACH-000896,3
647-V-311Cas9_RepB_p6_batch3,ACH-000896,3
BIN-67-311Cas9_RepA_p5_batch3,ACH-001278,3
BIN-67-311Cas9_RepB_p5_batch3,ACH-001278,3
RT11284-311Cas9_RepA_p6_batch3,ACH-001183,3
RT11284-311Cas9_RepB_p6_batch3,ACH-001183,3
NCIH1703-311Cas9_RepA_p6_batch3,ACH-000747,3
NCIH1703-311Cas9_RepB_p6_batch3,ACH-000747,3
ESS1-311Cas9_RepA_p6_batch3,ACH-000913,3
ESS1-311Cas9_RepB_p6_batch3,ACH-000913,3
KALS1 -311Cas9_RepA_p6_batch3,ACH-000231,3
KALS1 -311Cas9_RepB_p6_batch3,ACH-000231,3
639V-311Cas9_RepA_p6_batch3,ACH-000973,3
BFTC-905-311Cas9_RepA_p6_batch3,ACH-000802,3
BFTC-905-311Cas9_RepB_p6_batch3,ACH-000802,3
NCI-H1299-311Cas9_RepA_p5_batch3,ACH-000510,3
NCI-H1299-311Cas9_RepB_p5_batch3,ACH-000510,3
LN464-311Cas9_RepA_p6_batch3,ACH-000676,3
LN464-311Cas9_RepB_p6_batch3,ACH-000676,3
PANC1005-311Cas9_RepA_p6_batch3,ACH-000060,3
PANC1005-311Cas9_RepB_p6_batch3,ACH-000060,3
IGR1-311Cas9_RepA_p6_batch3,ACH-000882,3
IGR1-311Cas9_RepB_p6_batch3,ACH-000882,3
PEDS015T-311CAS9_RepA_p6_batch3,ACH-001164,3
PEDS015T-311CAS9_RepB_p6_batch3,ACH-001164,3
LN443-311Cas9_RepA_p6_batch3,ACH-000673,3
LN443-311Cas9_RepB_p6_batch3,ACH-000673,3
RH-30-311Cas9_RepA_p6_batch3,ACH-000833,3
RH-30-311Cas9_RepB_p6_batch3,ACH-000833,3
FADU-311Cas9_RepA_p6_batch3,ACH-000846,3
FADU-311Cas9_RepB_p6_batch3,ACH-000846,3
A2058-311cas9_RepA_p6_batch3,ACH-000788,3
A2058-311cas9_RepB_p6_batch3,ACH-000788,3
DETROIT562-311Cas9_RepA_p3_batch3,ACH-000207,3
DETROIT562-311Cas9_RepB_p3_batch3,ACH-000207,3
OV90-311Cas9_RepA_p6_batch3,ACH-000291,3
OV90-311Cas9_RepB_p6_batch3,ACH-000291,3
BHY-311Cas9_RepA_p6_batch3,ACH-000548,3
BHY-311Cas9_RepB_p6_batch3,ACH-000548,3
LN382-311CAS9_RepA_p6_batch3,ACH-000215,3
LN382-311CAS9_RepB_p6_batch3,ACH-000215,3
CHLA266-311Cas9_RepA_p6_batch3,ACH-001031,3
CHLA266-311Cas9_RepB_p6_batch3,ACH-001031,3
COGE352-311Cas9_RepA_p5_batch3,ACH-001038,3
COGE352-311Cas9_RepB_p5_batch3,ACH-001038,3
COGAR359-311Cas9_RepA_p6_batch3,ACH-001289,3
COGAR359-311Cas9_RepB_p6_batch3,ACH-001289,3
SLR20-311Cas9_RepA_p6_batch3,ACH-000127,3
KMS34-311Cas9_RepA_p6_batch3,ACH-000541,3
RERF-LC-AI-311cas9_RepA_p6_batch3,ACH-000261,3
RERF-LC-AI-311cas9_RepB_p6_batch3,ACH-000261,3
Hs695T-311Cas9_RepA_p4_batch3,ACH-000799,3
Hs695T-311Cas9_RepB_p4_batch3,ACH-000799,3
HuH-6-311Cas9_RepA_p6_batch3,ACH-000671,3
HuH-6-311Cas9_RepB_p6_batch3,ACH-000671,3
PA-TU-8988S_PA-TU-8988T-311cas9_RepAB_p6_batch3,ACH-000022,3
PA-TU-8988S_PA-TU-8988T-311cas9_RepB_p6_batch3,ACH-000022,3
HGC27-311Cas9_RepA_p6_batch3,ACH-000847,3
HGC27-311Cas9_RepB_p6_batch3,ACH-000847,3
PF382-311CAS9_RepA_p6_batch3,ACH-000937,3
"Avana 4+ Hu pDNA (M-AA40, 9/30/15)_batch3",,3
PF382-311CAS9_RepB_p6_batch3,ACH-000937,3
GSS-311Cas9_RepA_p6_batch3,ACH-000746,3
GSS-311Cas9_RepB_p6_batch3,ACH-000746,3
CHLA06-311Cas9_RepA_p6_batch3,ACH-001028,3
CHLA06-311Cas9_RepB_p6_batch3,ACH-001028,3
HLF-311Cas9_RepA_p6_batch3,ACH-000393,3
HLF-311Cas9_RepB_p6_batch3,ACH-000393,3
MCAS-311Cas9_RepA_p5_batch3,ACH-000796,3
MCAS-311Cas9_RepB_p5_batch3,ACH-000796,3
WM1799-311Cas9_RepA_p5_batch3,ACH-000661,3
WM1799-311Cas9_RepB_p5_batch3,ACH-000661,3
KYSE450-311Cas9_RepA_p6_batch3,ACH-000865,3
KYSE450-311Cas9_RepB_p6_batch3,ACH-000865,3
SLR23-311Cas9_RepA_p6_batch3,ACH-000246,3
SLR23-311Cas9_RepB_p6_batch3,ACH-000246,3
PLCPRF5-311Cas9_RepA_p6_batch3,ACH-001318,3
PLCPRF5-311Cas9_RepB_p6_batch3,ACH-001318,3
CAL27-311cas9_RepA_p6_batch3,ACH-000832,3
Hs 294T_A101D-311Cas9_RepA_p6_batch3,ACH-000014,3
Hs 294T_A101D-311Cas9_RepB_p6_batch3,ACH-000014,3
59M-311Cas9_RepA_p4_batch3,ACH-000520,3
59M-311Cas9_RepB_p4_batch3,ACH-000520,3
5637-311Cas9_RepA_p6_batch3,ACH-000905,3
5637-311Cas9_RepB_p6_batch3,ACH-000905,3
42-MG-BA-311Cas9_RepA_p6_batch3,ACH-000323,3
42-MG-BA-311Cas9_RepB_p6_batch3,ACH-000323,3
SUIT-2-311Cas9_RepA_p5_batch3,ACH-000652,3
SUIT-2-311Cas9_RepB_p5_batch3,ACH-000652,3
SF-295-311Cas9_RepA_p6_batch3,ACH-000376,3
SF-295-311Cas9_RepB_p6_batch3,ACH-000376,3
NCI-H1650-311cas9_RepA_p6_batch3,ACH-000035,3
NCI-H1650-311cas9_RepB_p6_batch3,ACH-000035,3
"G-292, Clone A141B1-311Cas9_RepA_p5_batch3",ACH-000082,3
"G-292, Clone A141B1-311Cas9_RepB_p5_batch3",ACH-000082,3
MALME-3M-311cas9_RepA_p6_batch3,ACH-000477,3
MALME-3M-311cas9_RepB_p6_batch3,ACH-000477,3
BICR22-311Cas9_RepA_p6_batch3,ACH-000794,3
BICR22-311Cas9_RepB_p6_batch3,ACH-000794,3
CORL279-311cas9_RepA_p4_batch3,ACH-000257,3
CORL279-311cas9_RepB_p4_batch3,ACH-000257,3
VM-CUB1-311Cas9_RepA_p6_batch3,ACH-000545,3
VM-CUB1-311Cas9_RepB_p6_batch3,ACH-000545,3
HEC6-311Cas9_RepA_p6_batch3,ACH-000984,3
HEC6-311Cas9_RepB_p6_batch3,ACH-000984,3
BC-3C-311Cas9_RepA_p6_batch3,ACH-000593,3
BC-3C-311Cas9_RepB_p6_batch3,ACH-000593,3
HEC-1-B-311CAS9_RepA_p6_batch3,ACH-000941,3
HEC-1-B-311CAS9_RepB_p6_batch3,ACH-000941,3
HMC18-311Cas9_RepA_p6_batch3,ACH-000721,3
HMC18-311Cas9_RepB_p6_batch3,ACH-000721,3
U343-311Cas9_RepA_p6_batch3,ACH-000036,3
U343-311Cas9_RepB_p6_batch3,ACH-000036,3
COLO-792-311Cas9_RepA_p6_batch3,ACH-000968,3
COLO-792-311Cas9_RepB_p6_batch3,ACH-000968,3
PK-1_KLM-1-311Cas9_RepA_p6_batch3,ACH-000307,3
PK-1_KLM-1-311Cas9_RepB_p6_batch3,ACH-000307,3
UM-UC-3-311Cas9_RepA_p5_batch3,ACH-000522,3
UM-UC-3-311Cas9_RepB_p5_batch3,ACH-000522,3
C32-311Cas9_RepA_p6_batch3,ACH-000580,3
C32-311Cas9_RepB_p6_batch3,ACH-000580,3
U87-MG-311Cas9_RepA_p6_batch3,ACH-000075,3
U87-MG-311Cas9_RepB_p6_batch3,ACH-000075,3
KU-19-19-311Cas9_RepA_p6_batch3,ACH-000486,3
KU-19-19-311Cas9_RepB_p6_batch3,ACH-000486,3
HS683-311Cas9_RepA_p6_batch3,ACH-000067,3
HS683-311Cas9_RepB_p6_batch3,ACH-000067,3
T3M-4-311Cas9_RepA_p6_batch3,ACH-000085,3
SNGM-311Cas9_RepA_p6_batch3,ACH-000974,3
SNGM-311Cas9_RepB_p6_batch3,ACH-000974,3
YKG1-311Cas9_RepA_p6_batch3,ACH-000570,3
YKG1-311Cas9_RepB_p6_batch3,ACH-000570,3
AGS-311Cas9_RepA_p6_batch3,ACH-000880,3
AGS-311Cas9_RepB_p6_batch3,ACH-000880,3
UM-UC-1-311Cas9_RepA_p6_batch3,ACH-000834,3
UM-UC-1-311Cas9_RepB_p6_batch3,ACH-000834,3
U118MG-311Cas9_RepA_p5_batch3,ACH-000040,3
OSRC2-311Cas9_RepA_p5_batch3,ACH-000159,3
OSRC2-311Cas9_RepB_p5_batch3,ACH-000159,3
DU4475 -311Cas9_RepA_p6_batch3,ACH-000258,3
DU4475 -311Cas9_RepB_p6_batch3,ACH-000258,3
U118MG-311Cas9_RepB_p5_batch3,ACH-000040,3
KNS60-311cas9_RepB_p6_batch3,ACH-000445,3
Daoy-311Cas9_RepA_p6_batch3,ACH-000211,3
Daoy-311Cas9_RepB_p6_batch3,ACH-000211,3
CHAGOK1-311Cas9_RepA_p4_batch3,ACH-000867,3
CHAGOK1-311Cas9_RepB_p4_batch3,ACH-000867,3
Hs 944.T-311Cas9_RepA_p6_batch3,ACH-000632,3
Hs 944.T-311Cas9_RepB_p6_batch3,ACH-000632,3
KLE-311Cas9_RepA_p6_batch3,ACH-000293,3
KLE-311Cas9_RepB_p6_batch3,ACH-000293,3
SNU-398-31Cas9_RepA_p5_batch3,ACH-000221,3
SNU-398-31Cas9_RepB_p5_batch3,ACH-000221,3
8305C-311cas9_RepA_p5_batch3,ACH-001306,3
8305C-311cas9_RepB_p5_batch3,ACH-001306,3
OE21-311Cas9_RepA_p6_batch3,ACH-000544,3
OE21-311Cas9_RepB_p6_batch3,ACH-000544,3
OAW28-311Cas9_RepA_p4_batch3,ACH-000116,3
OAW28-311Cas9_RepB_p4_batch3,ACH-000116,3
COLO201-311Cas9_RepA_p6_batch3,ACH-000253,3
COLO201-311Cas9_RepB_p6_batch3,ACH-000253,3
JHH1-311Cas9_RepA_p5_batch3,ACH-000620,3
JHH1-311Cas9_RepB_p5_batch3,ACH-000620,3
MM1-S-311cas9_RepA_p3_batch3,ACH-000763,3
MM1-S-311cas9_RepB_p3_batch3,ACH-000763,3
KYSE-30-311Cas9_RepB_p6_batch3,ACH-000777,3
KYSE-30-311Cas9_RepC_p6_batch3,ACH-000777,3
SCaBER-311Cas9_RepA_p6_batch3,ACH-000839,3
SCaBER-311Cas9_RepB_p6_batch3,ACH-000839,3
GAMG-311Cas9_RepA_p6_batch3,ACH-000098,3
GAMG-311Cas9_RepB_p6_batch3,ACH-000098,3
SF767-311Cas9_RepA_p6_batch3,ACH-000490,3
SF767-311Cas9_RepB_p6_batch3,ACH-000490,3
TEN-311Cas9_RepA_p6_batch3,ACH-000397,3
TEN-311Cas9_RepB_p6_batch3,ACH-000397,3
WM2664_RepA_p5_batch3,ACH-001239,3
WM2664_RepB_p5_batch3,ACH-001239,3
SYO1-311Cas9_RepA_p6_batch3,ACH-001275,3
SYO1-311Cas9_RepB_p6_batch3,ACH-001275,3
SLR26-311cas9_RepA_p6_batch3,ACH-000600,3
SLR26-311cas9_RepB_p6_batch3,ACH-000600,3
M059K-311Cas9_RepA_p5_batch3,ACH-000152,3
M059K-311Cas9_RepB_p5_batch3,ACH-000152,3
SLR24-311Cas9_RepA_p4_batch3,ACH-000272,3
SLR24-311Cas9_RepB_p4_batch3,ACH-000272,3
SMS-CTR-311Cas9_RepA_p6_batch3,ACH-001196,3
SMS-CTR-311Cas9_RepB_p6_batch3,ACH-001196,3
MFE-319-311Cas9_RepA_p6_batch3,ACH-000988,3
MFE-319-311Cas9_RepB_p6_batch3,ACH-000988,3
OVMANA-311Cas9_RepA_p5_batch3,ACH-000646,3
OVMANA-311Cas9_RepB_p5_batch3,ACH-000646,3
HT-1376-311Cas9_RepA_p6_batch3,ACH-000724,3
HT-1376-311Cas9_RepB_p6_batch3,ACH-000724,3
NCI-H2172-311Cas9_RepA_p6_batch3,ACH-000924,3
NCI-H2172-311Cas9_RepB_p6_batch3,ACH-000924,3
SUPT1-311Cas9_RepA_p6_batch3,ACH-000953,3
SUPT1-311Cas9_RepB_p6_batch3,ACH-000953,3
KMS20-311Cas9_RepA_p4_batch3,ACH-000426,3
KMS20-311Cas9_RepB_p4_batch3,ACH-000426,3
8-MG-BA-311Cas9_RepA_p5_batch3,ACH-000137,3
8-MG-BA-311Cas9_RepB_p5_batch3,ACH-000137,3
JHH-4-311Cas9_RepA_p5_batch3,ACH-000476,3
JHH-4-311Cas9_RepB_p5_batch3,ACH-000476,3
UPCISCC152-311Cas9_RepA_p5_batch3,ACH-001228,3
UPCISCC152-311Cas9_RepB_p5_batch3,ACH-001228,3
Li-7-311cas9_RepA_p6_batch3,ACH-000471,3
Li-7-311cas9_RepB_p6_batch3,ACH-000471,3
JR-311Cas9_RepA_p6_batch3,ACH-001096,3
JR-311Cas9_RepB_p6_batch3,ACH-001096,3
CCF-STTG1-311Cas9_RepA_p5_batch3,ACH-000329,3
CCF-STTG1-311Cas9_RepB_p5_batch3,ACH-000329,3
CME-1-311CAS9_RepA_p6_batch3,ACH-001322,3
CME-1-311CAS9_RepB_p6_batch3,ACH-001322,3
H4-311cas9_RepA_p6_batch3,ACH-000389,3
H4-311cas9_RepB_p6_batch3,ACH-000389,3
TC205-311Cas9_RepA_p6_batch3,ACH-001431,3
TC205-311Cas9_RepB_p6_batch3,ACH-001431,3
LNZ308-311cas9_RepA_p6_batch3,ACH-000760,3
LNZ308-311cas9_RepB_p6_batch3,ACH-000760,3
SNU-685-311CAS9_RepA_p5_batch3,ACH-000407,3
SNU-685-311CAS9_RepB_p5_batch3,ACH-000407,3
SW982-311Cas9_RepA_p6_batch3,ACH-001274,3
SW982-311Cas9_RepB_p6_batch3,ACH-001274,3
T98G-311Cas9_RepA_p5_batch3,ACH-000571,3
T98G-311Cas9_RepB_p5_batch3,ACH-000571,3
RCC10RGB-311Cas9_RepA_p6_batch3,ACH-000189,3
RCC10RGB-311Cas9_RepB_p6_batch3,ACH-000189,3
Calu-6-311Cas9_RepA_p6_batch3,ACH-000264,3
Calu-6-311Cas9_RepB_p6_batch3,ACH-000264,3
CHLA15-311Cas9_RepA_p6_batch3,ACH-001300,3
CHLA15-311Cas9_RepB_p6_batch3,ACH-001300,3
ONS-76-311Cas9_RepA_p6_batch3,ACH-000776,3
ONS-76-311Cas9_RepB_p6_batch3,ACH-000776,3
F5-311Cas9_RepA_p6_batch3,ACH-001067,3
F5-311Cas9_RepB_p6_batch3,ACH-001067,3
COGN-305-311cas9_RepA_p5_batch3,ACH-001302,3
COGN-305-311cas9_RepB_p5_batch3,ACH-001302,3
LN-235-311Cas9_RepA_p5_batch3,ACH-000591,3
LN-235-311Cas9_RepB_p5_batch3,ACH-000591,3
CW9019-311Cas9_RepA_p4_batch3,ACH-001050,3
CW9019-311Cas9_RepB_p4_batch3,ACH-001050,3
EKVX-311Cas9_RepA_p6_batch3,ACH-000706,3
EKVX-311Cas9_RepB_p6_batch3,ACH-000706,3
TUHR-10-TKB-311Cas9_RepA_p5_batch3,ACH-000459,3
TUHR-10-TKB-311Cas9_RepB_p5_batch3,ACH-000459,3
CAL-78-311CAS9_RepA_p5_batch3,ACH-000516,3
CAL-78-311CAS9_RepB_p5_batch3,ACH-000516,3
NCI-N87-311Cas9_RepA_p4_batch3,ACH-000427,3
NCI-N87-311Cas9_RepB_p4_batch3,ACH-000427,3
DKMG-311Cas9_RepA_p5_batch3,ACH-000244,3
DKMG-311Cas9_RepB_p5_batch3,ACH-000244,3
KMBC-2-311Cas9_RepA_p5_batch3,ACH-000862,3
KMBC-2-311Cas9_RepB_p5_batch3,ACH-000862,3
SNU449-311Cas9_RepA_p5_batch3,ACH-000420,3
SNU449-311Cas9_RepB_p5_batch3,ACH-000420,3
Cal33-311Cas9_RepA_p6_batch3,ACH-000518,3
Cal33-311Cas9_RepB_p6_batch3,ACH-000518,3
NCI-H2286-311caa9_RepA_p6_batch3,ACH-000912,3
NCI-H2286-311caa9_RepB_p6_batch3,ACH-000912,3
Vcap-304Cas9_RepA_p4_batch3,ACH-000115,3
Vcap-304Cas9_RepB_p4_batch3,ACH-000115,3
SNU1077-311Cas9_RepA_p6_batch3,ACH-000302,3
SNU1077-311Cas9_RepB_p6_batch3,ACH-000302,3
KYSE-140-311Cas9_RepA_p6_batch3,ACH-000823,3
KYSE-140-311Cas9_RepB_p6_batch3,ACH-000823,3
JHUEM7-311Cas9_RepA_p5_batch3,ACH-000993,3
JHUEM7-311Cas9_RepB_p5_batch3,ACH-000993,3
TC138-311Cas9_RepA_p6_batch3,ACH-001430,3
TC138-311Cas9_RepB_p6_batch3,ACH-001430,3
SF172-311Cas9_RepA_p6_batch3,ACH-000887,3
SF172-311Cas9_RepB_p6_batch3,ACH-000887,3
GSU-311cas9_RepA_p5_batch3,ACH-000485,3
GSU-311cas9_RepB_p5_batch3,ACH-000485,3
JHUEM1-311Cas9_RepA_p6_batch3,ACH-000928,3
JHUEM1-311Cas9_RepB_p6_batch3,ACH-000928,3
COGN278-311Cas9_RepA_p6_batch3,ACH-001301,3
COGN278-311Cas9_RepB_p6_batch3,ACH-001301,3
EN-311Cas9_RepA_p6_batch3,ACH-000978,3
NCI-H1568-311Cas9_RepA_p4_batch3,ACH-000869,3
NCI-H1568-311Cas9_RepB_p4_batch3,ACH-000869,3
TE6-311cas9_RepA_p6_batch3,ACH-000605,3
TE6-311cas9_RepB_p6_batch3,ACH-000605,3
NCIH1666-311Cas9_RepA_p6_batch3,ACH-000448,3
NCIH1666-311Cas9_RepB_p6_batch3,ACH-000448,3
TUHR14TKB-311Cas9_RepA_p6_batch3,ACH-000317,3
TUHR14TKB-311Cas9_RepB_p6_batch3,ACH-000317,3
NCIH1573-311Cas9_RepA_p6_batch3,ACH-000916,3
NCIH1573-311Cas9_RepB_p6_batch3,ACH-000916,3
KE39-311Cas9_RepA_p6_batch3,ACH-000507,3
KE39-311Cas9_RepB_p6_batch3,ACH-000507,3
KARPAS-422-311cas9_RepA_p6_batch3,ACH-000315,3
KARPAS-422-311cas9_RepB_p6_batch3,ACH-000315,3
697-311CAS9_RepA_p6_batch3,ACH-000070,3
697-311CAS9_RepB_p6_batch3,ACH-000070,3
OCI-AML2-311cas9_RepA_p6_batch3,ACH-000113,3
OCI-AML2-311cas9_RepB_p6_batch3,ACH-000113,3
GCT-311Cas9_RepA_p6_batch3,ACH-000835,3
GCT-311Cas9_RepB_p6_batch3,ACH-000835,3
SiHa-311cas9_RepA_p6_batch3,ACH-000556,3
SiHa-311cas9_RepB_p6_batch3,ACH-000556,3
S-117-311Cs9_RepA_p6_batch3,ACH-000037,3
S-117-311Cs9_RepB_p6_batch3,ACH-000037,3
OCIAML3-311CAS9_RepA_p6_batch3,ACH-000336,3
OCIAML3-311CAS9_RepB_p6_batch3,ACH-000336,3
Reh-311cas9_RepA_p5_batch3,ACH-000960,3
Reh-311cas9_RepB_p5_batch3,ACH-000960,3
LN319-311CAS9_RepA_p6_batch3,ACH-000128,3
LN319-311CAS9_RepB_p6_batch3,ACH-000128,3
TE-8-311Cas9_RepA_p5_batch3,ACH-000452,3
TE-8-311Cas9_RepB_p5_batch3,ACH-000452,3
KYSE-510-311cas9_RepA_p5_batch3,ACH-000824,3
KYSE-510-311cas9_RepB_p5_batch3,ACH-000824,3
CH157MN-311cas9_RepA_p6_batch3,ACH-000025,3
CH157MN-311cas9_RepB_p6_batch3,ACH-000025,3
OVCAR-5-311Cas9_RepA_p6_batch3,ACH-001151,3
OVCAR-5-311Cas9_RepB_p6_batch3,ACH-001151,3
TE-4-311Cas9_RepA_p6_batch3,ACH-000917,3
TE-4-311Cas9_RepB_p6_batch3,ACH-000917,3
SNU-182-311Cas9_RepA_p4_batch3,ACH-000483,3
SNU-182-311Cas9_RepB_p4_batch3,ACH-000483,3
SNU-1105-311Cas9_RepA_p6_batch3,ACH-000368,3
SNU-1105-311Cas9_RepB_p6_batch3,ACH-000368,3
MSTO-211H-311Cas9_RepA_p6_batch3,ACH-000335,3
MSTO-211H-311Cas9_RepB_p6_batch3,ACH-000335,3
LU99-311cas9_RepA_p6_batch3,ACH-000444,3
LU99-311cas9_RepB_p6_batch3,ACH-000444,3
LMSU-311Cas9_RepA_p6_batch3,ACH-000255,3
LMSU-311Cas9_RepB_p6_batch3,ACH-000255,3
SW-1573-311Cas9_RepA_p4_batch3,ACH-000677,3
SW-1573-311Cas9_RepB_p4_batch3,ACH-000677,3
ONCO-DG-1-311Cas9_RepA_p6_batch3,ACH-000013,3
ONCO-DG-1-311Cas9_RepB_p6_batch3,ACH-000013,3
BICR56-311cas9_RepA_p6_batch3,ACH-000771,3
BICR56-311cas9_RepB_p6_batch3,ACH-000771,3
NCIH1339-311Cas9_RepA_p6_batch3,ACH-000921,3
NCIH1339-311Cas9_RepB_p6_batch3,ACH-000921,3
MCF7-311cas9_RepA_p4_batch3,ACH-000019,3
MCF7-311cas9_RepB_p4_batch3,ACH-000019,3
A673 AVANA-4_RepA_p6_batch3,ACH-000052,3
A673 AVANA-4_RepB_p6_batch3,ACH-000052,3
ACCMES01-311cas9_RepA_p6_batch3,ACH-000086,3
ACCMES01-311cas9_RepB_p6_batch3,ACH-000086,3
SK-ES-1-311Cas9_RepA_p5_batch3,ACH-000087,3
SK-ES-1-311Cas9_RepB_p5_batch3,ACH-000087,3
HEL-311Cas9_RepA_p4_batch3,ACH-000004,3
NCI-H2452-311Cas9_RepA_p5_batch3,ACH-000092,3
NCI-H2452-311Cas9_RepB_p5_batch3,ACH-000092,3
HCC2429-311Cas9_RepA_p6_batch3,ACH-000143,3
HCC2429-311Cas9_RepB_p6_batch3,ACH-000143,3
HEL-311Cas9_RepB_p4_batch3,ACH-000004,3
HCC2935-311CAS9_RepA_p6_batch3,ACH-000150,3
NCI-H2052-311Cas9_RepA_p6_batch3,ACH-000153,3
EOL1-311Cas9_RepA_p6_batch3,ACH-000198,3
EOL1-311Cas9_RepB_p6_batch3,ACH-000198,3
C8166-311cas9_RepA_p6_batch3,ACH-000206,3
C8166-311cas9_RepB_p6_batch3,ACH-000206,3
BICR31-311Cas9_RepA_p6_batch3,ACH-000228,3
BICR31-311Cas9_RepB_p6_batch3,ACH-000228,3
DEL-311cas9_RepA_p6_batch3,ACH-000233,3
KASUMI-1-311cas9_RepA_p6_batch3,ACH-000263,3
KASUMI-1-311cas9_RepB_p6_batch3,ACH-000263,3
Hs852.T-311Cas9_RepA_p5_batch3,ACH-000274,3
Hs852.T-311Cas9_RepB_p5_batch3,ACH-000274,3
SNU-886-311Cas9_RepA_p6_batch3,ACH-000316,3
SNU-886-311Cas9_RepB_p6_batch3,ACH-000316,3
TE10-311Cas9_RepA_p6_batch3,ACH-000318,3
TE10-311Cas9_RepB_p6_batch3,ACH-000318,3
MPP 89-311Cas9_RepA_p5_batch3,ACH-000319,3
MPP 89-311Cas9_RepB_p5_batch3,ACH-000319,3
IST-MES2-311Cas9_RepA_p6_batch3,ACH-000331,3
IST-MES2-311Cas9_RepB_p6_batch3,ACH-000331,3
DB-311Cas9_RepA_p3_batch3,ACH-000334,3
DB-311Cas9_RepB_p3_batch3,ACH-000334,3
NCIH3122-311Cas9_RepA_p6_batch3,ACH-000337,3
NCIH3122-311Cas9_RepB_p6_batch3,ACH-000337,3
SK-MM-2-311Cas9_RepB_p6_batch3,ACH-000363,3
SUDHL4-311Cas9_RepA_p6_batch3,ACH-000365,3
SUDHL4-311Cas9_RepB_p6_batch3,ACH-000365,3
OCI-MY7-311Cas9_RepA_p6_batch3,ACH-000436,3
OCI-MY7-311Cas9_RepB_p6_batch3,ACH-000436,3
SNU1196-311cas9_RepB_p6_batch3,ACH-000461,3
SNU-216-311cas9_RepA_p4_batch3,ACH-000466,3
SNU-216-311cas9_RepB_p4_batch3,ACH-000466,3
YH-13-311Cas9_RepA_p6_batch3,ACH-000469,3
YH-13-311Cas9_RepB_p6_batch3,ACH-000469,3
HSC2-311cas9_RepA_p5_batch3,ACH-000472,3
HSC2-311cas9_RepB_p5_batch3,ACH-000472,3
NCIH292-311Cas9_RepA_p6_batch3,ACH-001075,3
VMRC-RCW-311Cas9_RepA_p4_batch3,ACH-000484,3
F36P-311cas9_RepA_p6_batch3,ACH-000487,3
F36P-311cas9_RepB_p6_batch3,ACH-000487,3
TE11-311cas9_RepA_p6_batch3,ACH-000488,3
TE11-311cas9_RepB_p6_batch3,ACH-000488,3
BICR16-311Cas9_RepA_p6_batch3,ACH-000503,3
BICR16-311Cas9_RepB_p6_batch3,ACH-000503,3
Calu-1-311Cas9_RepA_p6_batch3,ACH-000511,3
Calu-1-311Cas9_RepB_p6_batch3,ACH-000511,3
INA-6-311cas9_RepA_p5_batch3,ACH-000512,3
SNU761-311Cas9_RepB_p6_batch3,ACH-000537,3
SNU1076-311cas9_RepA_p6_batch3,ACH-000549,3
SNU1076-311cas9_RepB_p6_batch3,ACH-000549,3
AML193-311cas9_RepA_p6_batch3,ACH-000557,3
AML193-311cas9_RepB_p6_batch3,ACH-000557,3
HS746T-311Cas9_RepA_p6_batch3,ACH-000616,3
HS746T-311Cas9_RepB_p6_batch3,ACH-000616,3
PECAPJ15-311Cas9_RepA_p6_batch3,ACH-000619,3
PECAPJ15-311Cas9_RepB_p6_batch3,ACH-000619,3
KYSE-520-311Cas9_RepA_p6_batch3,ACH-000637,3
JJN-3-311Cas9_RepA_p5_batch3,ACH-000653,3
JJN-3-311Cas9_RepB_p5_batch3,ACH-000653,3
KMS18-311cas9_RepA_p6_batch3,ACH-000658,3
KMS18-311cas9_RepB_p6_batch3,ACH-000658,3
CORL23-311cas9_RepA_p4_batch3,ACH-000662,3
TE-9-311Cas9_RepA_p6_batch3,ACH-000694,3
TE-9-311Cas9_RepB_p6_batch3,ACH-000694,3
A3/KAW-311cas9_RepA_p6_batch3,ACH-000697,3
A3/KAW-311cas9_RepB_p6_batch3,ACH-000697,3
PE/CA-PJ41(cloneD2)-311Cas9_RepA_p6_batch3,ACH-000732,3
PE/CA-PJ41(cloneD2)-311Cas9_RepB_p6_batch3,ACH-000732,3
SNU601-311Cas9_RepA_p5_batch3,ACH-000736,3
SNU601-311Cas9_RepB_p5_batch3,ACH-000736,3
MKN74-311Cas9_RepA_p5_batch3,ACH-000758,3
MKN74-311Cas9_RepB_p5_batch3,ACH-000758,3
SEM-311cas9_RepA_p6_batch3,ACH-000782,3
SEM-311cas9_RepB_p6_batch3,ACH-000782,3
NCI-H446-311cas9_RepA_p6_batch3,ACH-000800,3
NCI-H446-311cas9_RepB_p6_batch3,ACH-000800,3
RPMI8226-311Cas9_RepA_p6_batch3,ACH-000817,3
RPMI8226-311Cas9_RepB_p6_batch3,ACH-000817,3
HCC366-311cas9_RepA_p5_batch3,ACH-000840,3
HCC366-311cas9_RepB_p5_batch3,ACH-000840,3
KYSE-150-311Cas9_RepA_p6_batch3,ACH-000855,3
KYSE-150-311Cas9_RepB_p6_batch3,ACH-000855,3
NCI-H1048-311cas9_RepA_p6_batch3,ACH-000866,3
NCI-H526-311cas9_RepA_p6_batch3,ACH-000767,3
NCI-H526-311cas9_RepB_p6_batch3,ACH-000767,3
SCC25-311Cas9_RepA_p6_batch3,ACH-000188,3
SCC25-311Cas9_RepB_p6_batch3,ACH-000188,3
SK-MM-2-311Cas9_RepA_p6_batch3,ACH-000363,3
NCI-H1048-311cas9_RepB_p6_batch3,ACH-000866,3
KMM-1-311Cas9_RepA_p6_batch3,ACH-000889,3
KMM-1-311Cas9_RepB_p6_batch3,ACH-000889,3
NALM-6-311CAS9_RepA_p6_batch3,ACH-000938,3
NALM-6-311CAS9_RepB_p6_batch3,ACH-000938,3
HEC265-311Cas9_RepA_p6_batch3,ACH-000946,3
HEC265-311Cas9_RepB_p6_batch3,ACH-000946,3
2313287-311Cas9_RepA_p5_batch3,ACH-000948,3
2313287-311Cas9_RepB_p5_batch3,ACH-000948,3
SKMEL2-311Cas9_RepA_p4_batch3,ACH-001190,3
SKMEL2-311Cas9_RepB_p4_batch3,ACH-001190,3
SCS214-311Cas9_RepA_p5_batch3,ACH-001280,3
SCS214-311Cas9_RepB_p5_batch3,ACH-001280,3
TC106-311Cas9_RepA_p6_batch3,ACH-001283,3
TC106-311Cas9_RepB_p6_batch3,ACH-001283,3
A431-311cas9_RepA_p6_batch3,ACH-001328,3
A431-311cas9_RepB_p6_batch3,ACH-001328,3
SEMK2-311Cas9_RepA_p3_batch3,ACH-001735,3
SEMK2-311Cas9_RepB_p3_batch3,ACH-001735,3
HB11;19-311CAS9_RepA_p6_batch3,ACH-001736,3
HB11;19-311CAS9_RepB_p6_batch3,ACH-001736,3
HSB-2-311cas9_RepB_p4_batch3,ACH-001737,3
DEL-311cas9_RepB_p6_batch3,ACH-000233,3
TC32-311Cas9_RepA_p6_batch3,ACH-001205,3
TC32-311Cas9_RepB_p6_batch3,ACH-001205,3
HCC2450-311Cas9_RepA_p6_batch3,ACH-000975,3
HCC2450-311Cas9_RepB_p6_batch3,ACH-000975,3
SKPNDW-311Cas9_RepA_p6_batch3,ACH-001193,3
SKPNDW-311Cas9_RepB_p6_batch3,ACH-001193,3
EW502-311Cas9_RepA_p6_batch3,ACH-000279,3
EW502-311Cas9_RepB_p6_batch3,ACH-000279,3
Pa-1-311cas9_RepA_p5_batch3,ACH-001374,3
Pa-1-311cas9_RepB_p5_batch3,ACH-001374,3
HT29-311Cas9_RepA_p6 AVANA_batch3,ACH-000552,3
HT29-311Cas9_RepB_p6 AVANA_batch3,ACH-000552,3
L363-311Cas9_RepA_p6_batch3,ACH-000183,3
"Avana 4+ Hu pDNA (M-AA40, 9/30/15) (0.2pg/uL)_batch3",,3
L363-311Cas9_RepB_p6_batch3,ACH-000183,3
JOPACA1-311cas9_RepA_p6_batch3,ACH-001353,3
JOPACA1-311cas9_RepB_p6_batch3,ACH-001353,3
UMUC14-311Cas9_RepA_p6_batch3,ACH-001408,3
UMUC14-311Cas9_RepB_p6_batch3,ACH-001408,3
SNU719-311cas9_RepA_p4_batch3,ACH-000898,3
SNU719-311cas9_RepB_p4_batch3,ACH-000898,3
NCIH28-311Cas9_RepA_p6_batch3,ACH-000648,3
NCIH28-311Cas9_RepB_p6_batch3,ACH-000648,3
RD-ES-311Cas9_RepA_p6_batch3,ACH-000041,3
RD-ES-311Cas9_RepB_p6_batch3,ACH-000041,3
UmUC11-311Cas9_RepA_p6_batch3,ACH-001413,3
UmUC11-311Cas9_RepB_p6_batch3,ACH-001413,3
AMO1-311Cas9_RepA_p6_batch3,ACH-000838,3
BICR78-311Cas9_RepA_p6_batch3,ACH-001332,3
BICR78-311Cas9_RepB_p6_batch3,ACH-001332,3
SCC4-311cas9_RepA_p6_batch3,ACH-000238,3
SCC4-311cas9_RepB_p6_batch3,ACH-000238,3
HUNS1-311Cas9_RepA_p6_batch3,ACH-000829,3
HUNS1-311Cas9_RepB_p6_batch3,ACH-000829,3
Rh28-311Cas9_RepA_p5_batch3,ACH-001740,3
Rh28-311Cas9_RepB_p5_batch3,ACH-001740,3
Rh28-311Cas9_RepC_p5_batch3,ACH-001740,3
SW579-311Cas9_RepA_p6_batch3,ACH-000163,3
SW579-311Cas9_RepB_p6_batch3,ACH-000163,3
EW8-311Cas9_RepA_p6_batch3,ACH-000499,3
EW8-311Cas9_RepB_p6_batch3,ACH-000499,3
CASKI-311Cas9_RepA_p6_batch3,ACH-001336,3
CASKI-311Cas9_RepB_p6_batch3,ACH-001336,3
CASKI-311Cas9_RepC_p6_batch3,ACH-001336,3
KYO1-311Cas9_RepA_p6_batch3,ACH-000604,3
KYO1-311Cas9_RepB_p6_batch3,ACH-000604,3
H103-311cas9_RepA_p6_batch3,ACH-001346,3
H103-311cas9_RepB_p6_batch3,ACH-001346,3
PACADD165-311cas9_RepA_p6_batch3,ACH-001380,3
PACADD165-311cas9_RepB_p6_batch3,ACH-001380,3
C-33 A-311Cas9_RepA_p6_batch3,ACH-001333,3
C-33 A-311Cas9_RepB_p6_batch3,ACH-001333,3
YAMATO-311Cas9_RepA_p6_batch3,ACH-001277,3
YAMATO-311Cas9_RepB_p6_batch3,ACH-001277,3
EM-2-311Cas9_RepA_p6_batch3,ACH-000295,3
EM-2-311Cas9_RepB_p6_batch3,ACH-000295,3
RhJT-311Cas9_RepA_p6_batch3,ACH-001745,3
RhJT-311Cas9_RepB_p6_batch3,ACH-001745,3
RhJT-311Cas9_RepC_p6_batch3,ACH-001745,3
BL70-311cas9_RepB_p6_batch3,ACH-000402,3
SKGT4-311cas9_RepA_p6_batch3,ACH-001654,3
SKGT4-311cas9_RepB_p6_batch3,ACH-001654,3
Rh4-311Cas9_RepA_p6_batch3,ACH-001765,3
Rh4-311Cas9_RepB_p6_batch3,ACH-001765,3
Rh4-311Cas9_RepC_p6_batch3,ACH-001765,3
JMURTK2-311cas9_RepA_p5_batch3,ACH-001532,3
JMURTK2-311cas9_RepB_p5_batch3,ACH-001532,3
MCC26-311cas9_RepA_p5_batch3,ACH-001552,3
MCC26-311cas9_RepB_p5_batch3,ACH-001552,3
COV413A-311Cas9_RepA_p4_batch3,ACH-001340,3
COV413A-311Cas9_RepB_p4_batch3,ACH-001340,3
UMUC13-311cas9_RepA_p6_batch3,ACH-001407,3
UMUC13-311cas9_RepB_p6_batch3,ACH-001407,3
SNU-1041-311Cas9_RepA_p6_batch3,ACH-000618,3
SNU-1041-311Cas9_RepB_p6_batch3,ACH-000618,3
PACADD137-311cas9_RepA_p6_batch3,ACH-001377,3
PACADD137-311cas9_RepB_p6_batch3,ACH-001377,3
YD8-311Cas9_RepA_p6_batch3,ACH-000630,3
YD8-311Cas9_RepB_p6_batch3,ACH-000630,3
OACM51-311Cas9_RepA_p6_batch3,ACH-001368,3
OACM51-311Cas9_RepB_p6_batch3,ACH-001368,3
YD-15-311cas9_RepA_p6_batch3,ACH-000836,3
YD-15-311cas9_RepB_p6_batch3,ACH-000836,3
ESO26-311cas9_RepA_p6_batch3,ACH-001496,3
ESO26-311cas9_RepB_p6_batch3,ACH-001496,3
HDMY7-311Cas9_RepA_p6_batch3,ACH-000190,3
HDMY7-311Cas9_RepB_p6_batch3,ACH-000190,3
MON-311Cas9_RepA_p6_batch3,ACH-001128,3
MON-311Cas9_RepB_p6_batch3,ACH-001128,3
BT-16-311Cas9_RepA_p6_batch3,ACH-001020,3
BT-16-311Cas9_RepB_p6_batch3,ACH-001020,3
BT-12-311Cas9_RepA_p6_batch3,ACH-000160,3
BT-12-311Cas9_RepB_p6_batch3,ACH-000160,3
MCC13-311cas9_RepA_p6_batch3,ACH-001550,3
MCC13-311cas9_RepB_p6_batch3,ACH-001550,3
TTC549-311Cas9_RepA_p6_batch3,ACH-001211,3
TTC549-311Cas9_RepB_p6_batch3,ACH-001211,3
SK-UT-1-311Cas9_RepA_p6_batch3,ACH-000939,3
SK-UT-1-311Cas9_RepB_p6_batch3,ACH-000939,3
KE97-311Cas9_RepA_p6_batch3,ACH-000167,3
KE97-311Cas9_RepB_p6_batch3,ACH-000167,3
PECAPJ49-311cas9_RepA_p6_batch3,ACH-000735,3
PECAPJ49-311cas9_RepB_p6_batch3,ACH-000735,3
FLO1-311cas9_RepA_p6_batch3,ACH-001500,3
FLO1-311cas9_RepB_p6_batch3,ACH-001500,3
G402-311Cas9_RepA_p6_batch3,ACH-000375,3
G402-311Cas9_RepB_p6_batch3,ACH-000375,3
HSC1-311Cas9_RepA_P6_batch3,ACH-001523,3
HSC1-311Cas9_RepB_P6_batch3,ACH-001523,3
MEL202-311cas9_RepA_p6_batch3,ACH-001554,3
MEL202-311cas9_RepB_p6_batch3,ACH-001554,3
SNU46-311Cas9_RepA_p6_batch3,ACH-000500,3
SUM159PT-311Cas9_RepA_p5_batch3,ACH-001391,3
Blue1-311cas9_RepA_p6_batch3,ACH-001450,3
Blue1-311cas9_RepB_p6_batch3,ACH-001450,3
NMB-311cas9_RepA_p6_batch3,ACH-001367,3
NMB-311cas9_RepB_p6_batch3,ACH-001367,3
TC-71-311Cas9_RepA_p6_batch3,ACH-000424,3
TC-71-311Cas9_RepB_p6_batch3,ACH-000424,3
LAN2-311Cas9_RepA_p5_batch3,ACH-001354,3
SK-NEP-1-311ca9_RepA_p6_batch3,ACH-001192,3
SK-NEP-1-311ca9_RepB_p6_batch3,ACH-001192,3
HuCCT1-311cas9_RepA_p6_batch3,ACH-000976,3
HuCCT1-311cas9_RepB_p6_batch3,ACH-000976,3
SW1271-311cas9_RepA_p6_batch3,ACH-000890,3
SW1271-311cas9_RepB_p6_batch3,ACH-000890,3
TTC642-311Cas9_RepA_p6_batch3,ACH-001212,3
TTC642-311Cas9_RepB_p6_batch3,ACH-001212,3
SF539-311cas9_RepA_p6_batch3,ACH-000273,3
SF539-311cas9_RepB_p6_batch3,ACH-000273,3
NB1643-311Cas9_RepA_p4_batch3,ACH-001303,3
NB1643-311Cas9_RepB_p4_batch3,ACH-001303,3
TTC442-311cas9_RepA_p6_batch3,ACH-001750,3
TTC442-311cas9_RepB_p6_batch3,ACH-001750,3
Avana4pDNA20160601-311cas9 RepG09_batch2,,2
Avana4pDNA20160601-311cas9 RepG10_batch2,,2
Avana4pDNA20160601-311cas9 RepG11_batch2,,2
Avana4pDNA20160601-311cas9 RepG12_batch2,,2
PACADD119-311cas9_RepA_p6_batch3,ACH-001375,3
PACADD119-311cas9_RepB_p6_batch3,ACH-001375,3
KKU100-311cas9_RepA_p6_batch3,ACH-001536,3
KKU100-311cas9_RepB_p6_batch3,ACH-001536,3
SNU869-311Cas9_RepA_p4_batch3,ACH-000182,3
Y79-311Cas9_RepA_p6_batch3,ACH-001295,3
Y79-311Cas9_RepB_p6_batch3,ACH-001295,3
SEKI-311cas9_RepA_p6_batch3,ACH-001645,3
SEKI-311cas9_RepB_p6_batch3,ACH-001645,3
SCMCRM2-311cas9_RepA_p6_batch3,ACH-001184,3
SCMCRM2-311cas9_RepB_p6_batch3,ACH-001184,3
"Avana 4+ Hu pDNA (M-AA40, 9/30/15) 0.2pg/uL_batch3",,3
CAL72-311cas9_RepA_p6_batch3,ACH-001715,3
CAL72-311cas9_RepB_p6_batch3,ACH-001715,3
SNU-1066-311Cas9_RepA_p6_batch3,ACH-000682,3
SNU-1066-311Cas9_RepB_p6_batch3,ACH-000682,3
NCI-H1155-311Cas9_RepA_p5_batch3,ACH-000980,3
NCI-H1155-311Cas9_RepB_p5_batch3,ACH-000980,3
HKA1-311cas9_RepA_p5_batch3,ACH-001521,3
NCIH1793-2Acas9-RepA-p6_batch3,ACH-000888,3
NCIH1793-2Acas9-RepB-p6_batch3,ACH-000888,3
"Avana 4+ Hu pDNA (M-AF34, 11/27/18) 0.2pg/uL_batch3",,3
